id,question,anchor_used,hit_rank,top1_preview,error
001,What is the technical term for a cat hairball?,Bezoar,1,"On average, cats spend 2/3 of every day sleeping. That means a nine-year-old cat has been awake for only three years of its life. Unlike dogs, cats do not have a sweet tooth. Scien",
002,What is a group of cats called?,A clowder,1,"On average, cats spend 2/3 of every day sleeping. That means a nine-year-old cat has been awake for only three years of its life. Unlike dogs, cats do not have a sweet tooth. Scien",
003,On average what fraction of the day do cats spend sleeping?,Two thirds,,"On average, cats spend 2/3 of every day sleeping. That means a nine-year-old cat has been awake for only three years of its life. Unlike dogs, cats do not have a sweet tooth. Scien",
004,How long has a nine year old cat been awake if it sleeps two thirds of the time?,2/3,1,"On average, cats spend 2/3 of every day sleeping. That means a nine-year-old cat has been awake for only three years of its life. Unlike dogs, cats do not have a sweet tooth. Scien",
005,Do cats have a sweet tooth like dogs?,Do,1,"On average, cats spend 2/3 of every day sleeping. That means a nine-year-old cat has been awake for only three years of its life. Unlike dogs, cats do not have a sweet tooth. Scien",
006,What do scientists believe causes cats to not have a sweet tooth?,A mutation in a key taste receptor,1,"On average, cats spend 2/3 of every day sleeping. That means a nine-year-old cat has been awake for only three years of its life. Unlike dogs, cats do not have a sweet tooth. Scien",
007,When a cat chases prey how does it hold its head?,It keeps its head level,1,"On average, cats spend 2/3 of every day sleeping. That means a nine-year-old cat has been awake for only three years of its life. Unlike dogs, cats do not have a sweet tooth. Scien",
008,Compared with cats what do dogs and humans do when chasing or running?,They bob their heads up and down,,"On average, cats spend 2/3 of every day sleeping. That means a nine-year-old cat has been awake for only three years of its life. Unlike dogs, cats do not have a sweet tooth. Scien",
009,About how many different sounds do cats make?,About 100,1,"On average, cats spend 2/3 of every day sleeping. That means a nine-year-old cat has been awake for only three years of its life. Unlike dogs, cats do not have a sweet tooth. Scien",
010,About how many different sounds do dogs make?,About 10,1,"On average, cats spend 2/3 of every day sleeping. That means a nine-year-old cat has been awake for only three years of its life. Unlike dogs, cats do not have a sweet tooth. Scien",
011,Cats brains are biologically more similar to whose brains than to dogs?,Humans,1,"On average, cats spend 2/3 of every day sleeping. That means a nine-year-old cat has been awake for only three years of its life. Unlike dogs, cats do not have a sweet tooth. Scien",
012,What part of the brain do humans and cats share identically according to the text?,Regions responsible for emotions,,"On average, cats spend 2/3 of every day sleeping. That means a nine-year-old cat has been awake for only three years of its life. Unlike dogs, cats do not have a sweet tooth. Scien",
013,Approximately how many domestic cats are there in the world?,More than 500 million,1,"On average, cats spend 2/3 of every day sleeping. That means a nine-year-old cat has been awake for only three years of its life. Unlike dogs, cats do not have a sweet tooth. Scien",
014,Approximately how many recognized cat breeds are mentioned?,About 40,,"On average, cats spend 2/3 of every day sleeping. That means a nine-year-old cat has been awake for only three years of its life. Unlike dogs, cats do not have a sweet tooth. Scien",
015,Where was the oldest known pet cat found?,A 9500 year old grave on Cyprus,,o the cat can land on its feet. Even cats without a tail have this ability. A cat rubs against people not only to be affectionate but also to mark out its territory with scent glan,
016,How much earlier does the Cyprus grave predate early Egyptian cat art?,About 4000 years or more,,"On average, cats spend 2/3 of every day sleeping. That means a nine-year-old cat has been awake for only three years of its life. Unlike dogs, cats do not have a sweet tooth. Scien",
017,Which Pope condemned cats as evil during the Spanish Inquisition?,Pope Innocent VIII,1,"On average, cats spend 2/3 of every day sleeping. That means a nine-year-old cat has been awake for only three years of its life. Unlike dogs, cats do not have a sweet tooth. Scien",
018,What unintended effect did killing many cats have during the Spanish Inquisition?,Rat population exploded,,"On average, cats spend 2/3 of every day sleeping. That means a nine-year-old cat has been awake for only three years of its life. Unlike dogs, cats do not have a sweet tooth. Scien",
019,What major disease effects were worsened by the rat population explosion?,The Black Death effects,,"On average, cats spend 2/3 of every day sleeping. That means a nine-year-old cat has been awake for only three years of its life. Unlike dogs, cats do not have a sweet tooth. Scien",
020,On St Johns Day in the Middle Ages what did people do with cats in parts of Europe?,Stuffed them in sacks and tossed them into bonfires,,"On average, cats spend 2/3 of every day sleeping. That means a nine-year-old cat has been awake for only three years of its life. Unlike dogs, cats do not have a sweet tooth. Scien",
021,What other Middle Ages practice is mentioned on holy days regarding cats?,Tossing cats from church towers,1,"On average, cats spend 2/3 of every day sleeping. That means a nine-year-old cat has been awake for only three years of its life. Unlike dogs, cats do not have a sweet tooth. Scien",
022,How many cats are there in North America compared to dogs?,73 million cats vs 63 million dogs,,"On average, cats spend 2/3 of every day sleeping. That means a nine-year-old cat has been awake for only three years of its life. Unlike dogs, cats do not have a sweet tooth. Scien",
023,Over what percentage of North American households own a cat?,Over 30 percent,,"ently rotate its ears 180 degrees. One reason that kittens sleep so much is because a growth hormone is released only during sleep. Cats have about 130,000 hairs per square inch (2",
024,What was the first cat in space named?,Felicette,1,"On average, cats spend 2/3 of every day sleeping. That means a nine-year-old cat has been awake for only three years of its life. Unlike dogs, cats do not have a sweet tooth. Scien",
025,What nickname is given for Felicette?,Astrocat,1,"On average, cats spend 2/3 of every day sleeping. That means a nine-year-old cat has been awake for only three years of its life. Unlike dogs, cats do not have a sweet tooth. Scien",
026,In what year did France blast Felicette into space?,1963,1,"On average, cats spend 2/3 of every day sleeping. That means a nine-year-old cat has been awake for only three years of its life. Unlike dogs, cats do not have a sweet tooth. Scien",
027,What did implanted electrodes in Felicettes brain send back to Earth?,Neurological signals,1,"On average, cats spend 2/3 of every day sleeping. That means a nine-year-old cat has been awake for only three years of its life. Unlike dogs, cats do not have a sweet tooth. Scien",
028,Did Felicette survive the trip?,Felicette,2,“I am still considering which of the three strategies would be most beneficial to us. Selling for $50.00 and trying to maximize revenues—or selling for $30.00 and trying to maximiz,
029,What Latin word meaning domestic cat is referenced as a root for cat related words?,Catus,1,"On average, cats spend 2/3 of every day sleeping. That means a nine-year-old cat has been awake for only three years of its life. Unlike dogs, cats do not have a sweet tooth. Scien",
030,What Latin word meaning wild cat is contrasted with catus?,Feles,1,"On average, cats spend 2/3 of every day sleeping. That means a nine-year-old cat has been awake for only three years of its life. Unlike dogs, cats do not have a sweet tooth. Scien",
031,Approximately how many people are bitten by cats annually in the US?,About 40000,,"On average, cats spend 2/3 of every day sleeping. That means a nine-year-old cat has been awake for only three years of its life. Unlike dogs, cats do not have a sweet tooth. Scien",
032,In Hebrew legend what did God make the lion do to create a cat?,Sneeze,1,"On average, cats spend 2/3 of every day sleeping. That means a nine-year-old cat has been awake for only three years of its life. Unlike dogs, cats do not have a sweet tooth. Scien",
033,In the legend why did Noah pray to God?,To protect stored food from rats,,"On average, cats spend 2/3 of every day sleeping. That means a nine-year-old cat has been awake for only three years of its life. Unlike dogs, cats do not have a sweet tooth. Scien",
034,Is a cats hearing better than a dogs according to the text?,Is,1,"On average, cats spend 2/3 of every day sleeping. That means a nine-year-old cat has been awake for only three years of its life. Unlike dogs, cats do not have a sweet tooth. Scien",
035,How many octaves higher than humans can cats hear high frequency sounds?,Up to two octaves higher,1,"On average, cats spend 2/3 of every day sleeping. That means a nine-year-old cat has been awake for only three years of its life. Unlike dogs, cats do not have a sweet tooth. Scien",
036,What top speed can a cat reach over a short distance?,About 31 mph,,"On average, cats spend 2/3 of every day sleeping. That means a nine-year-old cat has been awake for only three years of its life. Unlike dogs, cats do not have a sweet tooth. Scien",
037,What is that top speed in km per hour?,About 49 km per hour,,"On average, cats spend 2/3 of every day sleeping. That means a nine-year-old cat has been awake for only three years of its life. Unlike dogs, cats do not have a sweet tooth. Scien",
038,How high can a cat jump relative to its own height in a single bound?,Up to five times its height,,"On average, cats spend 2/3 of every day sleeping. That means a nine-year-old cat has been awake for only three years of its life. Unlike dogs, cats do not have a sweet tooth. Scien",
039,What record cat survived the longest non fatal fall?,Andy,1,lor change in Siamese kittens depend on their body temperature. Siamese cats carry albino genes that work only when the body temperature is above 98° F. If these kittens are left i,
040,From what floor did Andy fall?,16th floor,,lor change in Siamese kittens depend on their body temperature. Siamese cats carry albino genes that work only when the body temperature is above 98° F. If these kittens are left i,
041,About how high was Andys fall?,About 200 feet,,lor change in Siamese kittens depend on their body temperature. Siamese cats carry albino genes that work only when the body temperature is above 98° F. If these kittens are left i,
042,What is the richest cat named in the text?,Blackie,1,lor change in Siamese kittens depend on their body temperature. Siamese cats carry albino genes that work only when the body temperature is above 98° F. If these kittens are left i,
043,How much money was Blackie left?,15 million pounds,,lor change in Siamese kittens depend on their body temperature. Siamese cats carry albino genes that work only when the body temperature is above 98° F. If these kittens are left i,
044,Who left Blackie the money?,Ben Rea,1,lor change in Siamese kittens depend on their body temperature. Siamese cats carry albino genes that work only when the body temperature is above 98° F. If these kittens are left i,
045,How many toes do cats have on each front paw?,Five,1,lor change in Siamese kittens depend on their body temperature. Siamese cats carry albino genes that work only when the body temperature is above 98° F. If these kittens are left i,
046,How many toes do cats have on each back paw?,Four,1,lor change in Siamese kittens depend on their body temperature. Siamese cats carry albino genes that work only when the body temperature is above 98° F. If these kittens are left i,
047,What is the term for cats born with extra toes?,Polydactyl,1,lor change in Siamese kittens depend on their body temperature. Siamese cats carry albino genes that work only when the body temperature is above 98° F. If these kittens are left i,
048,Do extra toes in polydactyl cats harm the cat according to the text?,Do,1,lor change in Siamese kittens depend on their body temperature. Siamese cats carry albino genes that work only when the body temperature is above 98° F. If these kittens are left i,
049,What should you do with a polydactyl cats claws?,Keep them trimmed,,lor change in Siamese kittens depend on their body temperature. Siamese cats carry albino genes that work only when the body temperature is above 98° F. If these kittens are left i,
050,What is the inner eyelid of a cat called?,Nictitating membrane,1,lor change in Siamese kittens depend on their body temperature. Siamese cats carry albino genes that work only when the body temperature is above 98° F. If these kittens are left i,
051,What does the nictitating membrane help protect the eyes from?,Dryness and damage,1,lor change in Siamese kittens depend on their body temperature. Siamese cats carry albino genes that work only when the body temperature is above 98° F. If these kittens are left i,
052,When might the inner eyelid be visible to an observer?,When the cat is ill,1,lor change in Siamese kittens depend on their body temperature. Siamese cats carry albino genes that work only when the body temperature is above 98° F. If these kittens are left i,
053,Can a cat see directly under its nose?,Can,1,lor change in Siamese kittens depend on their body temperature. Siamese cats carry albino genes that work only when the body temperature is above 98° F. If these kittens are left i,
054,Why can a cat miss tidbits on the floor directly under it?,It cannot see under its nose,,lor change in Siamese kittens depend on their body temperature. Siamese cats carry albino genes that work only when the body temperature is above 98° F. If these kittens are left i,
055,What eye sign indicates a frightened or excited cat?,Large round pupils,1,lor change in Siamese kittens depend on their body temperature. Siamese cats carry albino genes that work only when the body temperature is above 98° F. If these kittens are left i,
056,What eye sign indicates an angry cat?,Narrow pupils,1,lor change in Siamese kittens depend on their body temperature. Siamese cats carry albino genes that work only when the body temperature is above 98° F. If these kittens are left i,
057,Is pupil size related only to light levels?,No it also relates to emotions,,lor change in Siamese kittens depend on their body temperature. Siamese cats carry albino genes that work only when the body temperature is above 98° F. If these kittens are left i,
058,Can cats see blue green and red according to recent studies?,Can,1,lor change in Siamese kittens depend on their body temperature. Siamese cats carry albino genes that work only when the body temperature is above 98° F. If these kittens are left i,
059,What disability is common in white cats with blue eyes?,Deafness,,lor change in Siamese kittens depend on their body temperature. Siamese cats carry albino genes that work only when the body temperature is above 98° F. If these kittens are left i,
060,If a white cat has only one blue eye where is it likely deaf?,In the ear closest to the blue eye,1,lor change in Siamese kittens depend on their body temperature. Siamese cats carry albino genes that work only when the body temperature is above 98° F. If these kittens are left i,
061,Do white cats with orange eyes have the same deafness issue?,Do,1,lor change in Siamese kittens depend on their body temperature. Siamese cats carry albino genes that work only when the body temperature is above 98° F. If these kittens are left i,
062,Why are white cats with white ears at higher risk outdoors?,They are prone to sunburn,,lor change in Siamese kittens depend on their body temperature. Siamese cats carry albino genes that work only when the body temperature is above 98° F. If these kittens are left i,
063,Frequent sunburns in white cats can lead to what?,Skin cancer,1,lor change in Siamese kittens depend on their body temperature. Siamese cats carry albino genes that work only when the body temperature is above 98° F. If these kittens are left i,
064,What prevention measures are suggested for sunburn prone cats?,Sunscreen or keeping indoors,,lor change in Siamese kittens depend on their body temperature. Siamese cats carry albino genes that work only when the body temperature is above 98° F. If these kittens are left i,
065,How high can a cat jump relative to its height in another statement?,Even seven times as high as it is tall,2,"On average, cats spend 2/3 of every day sleeping. That means a nine-year-old cat has been awake for only three years of its life. Unlike dogs, cats do not have a sweet tooth. Scien",
066,What absorbs shock when a cat lands from a jump?,Footpads,3,"On average, cats spend 2/3 of every day sleeping. That means a nine-year-old cat has been awake for only three years of its life. Unlike dogs, cats do not have a sweet tooth. Scien",
067,What bone do cats lack that helps them squeeze through openings?,A true collarbone,1,lor change in Siamese kittens depend on their body temperature. Siamese cats carry albino genes that work only when the body temperature is above 98° F. If these kittens are left i,
068,What rule of thumb is given for how small an opening a cat can fit through?,Any space its head can fit through,,lor change in Siamese kittens depend on their body temperature. Siamese cats carry albino genes that work only when the body temperature is above 98° F. If these kittens are left i,
069,If left to her own devices how many kittens may a female cat have every four months?,Three to seven,1,lor change in Siamese kittens depend on their body temperature. Siamese cats carry albino genes that work only when the body temperature is above 98° F. If these kittens are left i,
070,How long is a cats pregnancy?,About 58 to 65 days,,"ently rotate its ears 180 degrees. One reason that kittens sleep so much is because a growth hormone is released only during sleep. Cats have about 130,000 hairs per square inch (2",
071,Who teaches kittens to use the litter box?,Mother cats,3,"teach their kittens to use the litter box. The way you treat kittens in the early stages of its life will render it’s personality traits later in life. Contrary to popular belief, ",
072,Early treatment of kittens influences what later?,Personality traits,1,"teach their kittens to use the litter box. The way you treat kittens in the early stages of its life will render it’s personality traits later in life. Contrary to popular belief, ",
073,Is the cat a social animal according to the text?,Is,1,"for “cat.” The costliest cat ever is named Little Nicky, who cost his owner $50,000. He is a clone of an older cat. A cat usually has about 12 whiskers on each side of its face. A ",
074,What does a pet cat do in response to speech?,Respond and answer,4,"for “cat.” The costliest cat ever is named Little Nicky, who cost his owner $50,000. He is a clone of an older cat. A cat usually has about 12 whiskers on each side of its face. A ",
075,What companionship do cats seem to enjoy?,Human companionship,1,"teach their kittens to use the litter box. The way you treat kittens in the early stages of its life will render it’s personality traits later in life. Contrary to popular belief, ",
076,What average lifespan is given for a domestic cat?,14 years,1,"teach their kittens to use the litter box. The way you treat kittens in the early stages of its life will render it’s personality traits later in life. Contrary to popular belief, ",
077,When well treated how long can a cat live according to the text?,Twenty years or more,,"teach their kittens to use the litter box. The way you treat kittens in the early stages of its life will render it’s personality traits later in life. Contrary to popular belief, ",
078,What effect does neutering have on cat lifespan?,Extends by two or three years,,lor change in Siamese kittens depend on their body temperature. Siamese cats carry albino genes that work only when the body temperature is above 98° F. If these kittens are left i,
079,Do cats get cancer according to the text?,Yes especially older cats,,"teach their kittens to use the litter box. The way you treat kittens in the early stages of its life will render it’s personality traits later in life. Contrary to popular belief, ",
080,Can cat cancer be treated successfully sometimes?,Can,1,"teach their kittens to use the litter box. The way you treat kittens in the early stages of its life will render it’s personality traits later in life. Contrary to popular belief, ",
081,Can cats taste sweets?,Can,1,"teach their kittens to use the litter box. The way you treat kittens in the early stages of its life will render it’s personality traits later in life. Contrary to popular belief, ",
082,Why must cats have fat in their diet?,They cannot produce it on their own,,"teach their kittens to use the litter box. The way you treat kittens in the early stages of its life will render it’s personality traits later in life. Contrary to popular belief, ",
083,Name one common houseplant listed as poisonous to cats.,English Ivy,1,"teach their kittens to use the litter box. The way you treat kittens in the early stages of its life will render it’s personality traits later in life. Contrary to popular belief, ",
084,Name another poisonous plant listed for cats.,Philodendron,1,"teach their kittens to use the litter box. The way you treat kittens in the early stages of its life will render it’s personality traits later in life. Contrary to popular belief, ",
085,Name another poisonous plant listed for cats.,Mistletoe,1,"teach their kittens to use the litter box. The way you treat kittens in the early stages of its life will render it’s personality traits later in life. Contrary to popular belief, ",
086,Name another poisonous plant listed for cats.,Iris,1,"teach their kittens to use the litter box. The way you treat kittens in the early stages of its life will render it’s personality traits later in life. Contrary to popular belief, ",
087,Name another poisonous plant listed for cats.,Yew,1,"teach their kittens to use the litter box. The way you treat kittens in the early stages of its life will render it’s personality traits later in life. Contrary to popular belief, ",
088,According to the text is Tylenol poisonous to cats?,According,3,"teach their kittens to use the litter box. The way you treat kittens in the early stages of its life will render it’s personality traits later in life. Contrary to popular belief, ",
089,According to the text is chocolate poisonous to cats?,According,3,"teach their kittens to use the litter box. The way you treat kittens in the early stages of its life will render it’s personality traits later in life. Contrary to popular belief, ",
090,Can many cats properly digest cows milk?,Can,1,"teach their kittens to use the litter box. The way you treat kittens in the early stages of its life will render it’s personality traits later in life. Contrary to popular belief, ",
091,What can milk and milk products cause in many cats?,Diarrhea,1,"teach their kittens to use the litter box. The way you treat kittens in the early stages of its life will render it’s personality traits later in life. Contrary to popular belief, ",
092,The average cat food meal is equivalent to about how many mice?,Five mice,2,"ently rotate its ears 180 degrees. One reason that kittens sleep so much is because a growth hormone is released only during sleep. Cats have about 130,000 hairs per square inch (2",
093,How can cats get tapeworms according to the text?,By eating fleas,,"teach their kittens to use the litter box. The way you treat kittens in the early stages of its life will render it’s personality traits later in life. Contrary to popular belief, ",
094,How else can cats get tapeworms according to the text?,By eating mice,,"teach their kittens to use the litter box. The way you treat kittens in the early stages of its life will render it’s personality traits later in life. Contrary to popular belief, ",
095,How do tapeworms reproduce according to the text?,By shedding a link from the end of their body,,"teach their kittens to use the litter box. The way you treat kittens in the early stages of its life will render it’s personality traits later in life. Contrary to popular belief, ",
096,Where do tapeworm eggs end up in the cycle described?,Injected by flea larvae,1,"teach their kittens to use the litter box. The way you treat kittens in the early stages of its life will render it’s personality traits later in life. Contrary to popular belief, ",
097,How could humans get these tapeworms according to the text?,By eating infected fleas,,"teach their kittens to use the litter box. The way you treat kittens in the early stages of its life will render it’s personality traits later in life. Contrary to popular belief, ",
098,What should be done for cats with tapeworms?,Dewormed by a veterinarian,1,"teach their kittens to use the litter box. The way you treat kittens in the early stages of its life will render it’s personality traits later in life. Contrary to popular belief, ",
099,Though rare cats can contract what type of heart worms?,Canine heart worms,1,"teach their kittens to use the litter box. The way you treat kittens in the early stages of its life will render it’s personality traits later in life. Contrary to popular belief, ",
100,What is said about AB blood groups in cats?,Cats have AB blood groups like people,,"teach their kittens to use the litter box. The way you treat kittens in the early stages of its life will render it’s personality traits later in life. Contrary to popular belief, ",
101,A form of what human disease exists in cats?,AIDS,1,"teach their kittens to use the litter box. The way you treat kittens in the early stages of its life will render it’s personality traits later in life. Contrary to popular belief, ",
102,In cats what determines Siamese point color according to the text?,Heat or temperature,,"teach their kittens to use the litter box. The way you treat kittens in the early stages of its life will render it’s personality traits later in life. Contrary to popular belief, ",
103,Why are Siamese kittens born white according to the text?,Uterus heat prevents darkening,,lor change in Siamese kittens depend on their body temperature. Siamese cats carry albino genes that work only when the body temperature is above 98° F. If these kittens are left i,
104,What are people allergic to when they say they are allergic to cats?,Cat saliva or cat dander,,"teach their kittens to use the litter box. The way you treat kittens in the early stages of its life will render it’s personality traits later in life. Contrary to popular belief, ",
105,Regular bathing of the resident cat helps allergic people do what?,Tolerate it better,1,"teach their kittens to use the litter box. The way you treat kittens in the early stages of its life will render it’s personality traits later in life. Contrary to popular belief, ",
106,Cat allergens are related to what according to the text?,Scent glands,1,"teach their kittens to use the litter box. The way you treat kittens in the early stages of its life will render it’s personality traits later in life. Contrary to popular belief, ",
107,Where are cat scent glands mentioned?,Faces and base of tails,,"teach their kittens to use the litter box. The way you treat kittens in the early stages of its life will render it’s personality traits later in life. Contrary to popular belief, ",
108,Which cats generate the most scent gland secretion?,Entire male cats,1,"teach their kittens to use the litter box. The way you treat kittens in the early stages of its life will render it’s personality traits later in life. Contrary to popular belief, ",
109,Which cats might allergic people tolerate best according to the text?,Spayed female cats,1,"teach their kittens to use the litter box. The way you treat kittens in the early stages of its life will render it’s personality traits later in life. Contrary to popular belief, ",
110,According to the text cats think humans are what?,Big cats,1,"for “cat.” The costliest cat ever is named Little Nicky, who cost his owner $50,000. He is a clone of an older cat. A cat usually has about 12 whiskers on each side of its face. A ",
111,Cats are subject to what dental problems?,Gum disease and dental caries,,"teach their kittens to use the litter box. The way you treat kittens in the early stages of its life will render it’s personality traits later in life. Contrary to popular belief, ",
112,How often should cats have teeth cleaned according to the text?,Once a year,1,"teach their kittens to use the litter box. The way you treat kittens in the early stages of its life will render it’s personality traits later in life. Contrary to popular belief, ",
113,What protozoan disease do some people fear catching from cats?,Toxoplasmosis,1,"teach their kittens to use the litter box. The way you treat kittens in the early stages of its life will render it’s personality traits later in life. Contrary to popular belief, ",
114,Toxoplasmosis can cause what serious outcome in unborn babies?,Birth defects,1,"teach their kittens to use the litter box. The way you treat kittens in the early stages of its life will render it’s personality traits later in life. Contrary to popular belief, ",
115,According to the text toxoplasmosis is most often caused by eating what?,Raw or rare beef,2,"teach their kittens to use the litter box. The way you treat kittens in the early stages of its life will render it’s personality traits later in life. Contrary to popular belief, ",
116,Who should not touch the cat litter box according to the text?,Pregnant women and immunosuppressed people,,"eating raw or rare beef. Pregnant women and people with a depressed immune system should not touch the cat litter box. Other than that, there is no reason that these people have to",
117,What is named as the ancestor of all domestic cats?,African Wild Cat,3,"On average, cats spend 2/3 of every day sleeping. That means a nine-year-old cat has been awake for only three years of its life. Unlike dogs, cats do not have a sweet tooth. Scien",
118,In ancient Egypt killing a cat was punishable by what?,Death,1,"eating raw or rare beef. Pregnant women and people with a depressed immune system should not touch the cat litter box. Other than that, there is no reason that these people have to",
119,What were placed with cat mummies in their tombs?,Embalmed mice,2,o the cat can land on its feet. Even cats without a tail have this ability. A cat rubs against people not only to be affectionate but also to mark out its territory with scent glan,
120,During the Festival of Saint John in the Middle Ages what happened to cats?,They were burned alive in town squares,,"On average, cats spend 2/3 of every day sleeping. That means a nine-year-old cat has been awake for only three years of its life. Unlike dogs, cats do not have a sweet tooth. Scien",
121,Where was the first cat show mentioned?,Crystal Palace in London,4,"ently rotate its ears 180 degrees. One reason that kittens sleep so much is because a growth hormone is released only during sleep. Cats have about 130,000 hairs per square inch (2",
122,In what year was the first cat show mentioned?,1871,1,"ently rotate its ears 180 degrees. One reason that kittens sleep so much is because a growth hormone is released only during sleep. Cats have about 130,000 hairs per square inch (2",
123,About how many distinct domestic cat breeds are stated today?,About 100,1,"On average, cats spend 2/3 of every day sleeping. That means a nine-year-old cat has been awake for only three years of its life. Unlike dogs, cats do not have a sweet tooth. Scien",
124,Cats bury their feces for what purpose?,To cover trails from predators,,"teach their kittens to use the litter box. The way you treat kittens in the early stages of its life will render it’s personality traits later in life. Contrary to popular belief, ",
125,How many hours per day do cats sleep according to another line?,16 to 18 hours,1,"eating raw or rare beef. Pregnant women and people with a depressed immune system should not touch the cat litter box. Other than that, there is no reason that these people have to",
126,Even while asleep cats are still alert to what?,Incoming stimuli,1,"eating raw or rare beef. Pregnant women and people with a depressed immune system should not touch the cat litter box. Other than that, there is no reason that these people have to",
127,Besides smelling with their nose cats can smell with what organ?,Jacobsons organ,,"eating raw or rare beef. Pregnant women and people with a depressed immune system should not touch the cat litter box. Other than that, there is no reason that these people have to",
128,Where is Jacobsons organ located?,Upper surface of the mouth,1,"eating raw or rare beef. Pregnant women and people with a depressed immune system should not touch the cat litter box. Other than that, there is no reason that these people have to",
129,What does chlorine in fresh tap water do to cats noses?,Irritates sensitive parts,1,"eating raw or rare beef. Pregnant women and people with a depressed immune system should not touch the cat litter box. Other than that, there is no reason that these people have to",
130,How long should tap water sit before giving it to a cat?,24 hours,1,"eating raw or rare beef. Pregnant women and people with a depressed immune system should not touch the cat litter box. Other than that, there is no reason that these people have to",
131,Relative to its body size which cat has the biggest canines?,Clouded leopard,1,"ently rotate its ears 180 degrees. One reason that kittens sleep so much is because a growth hormone is released only during sleep. Cats have about 130,000 hairs per square inch (2",
132,How long can the clouded leopards dagger like canines be?,1.8 inches,1,"ently rotate its ears 180 degrees. One reason that kittens sleep so much is because a growth hormone is released only during sleep. Cats have about 130,000 hairs per square inch (2",
133,What is 1.8 inches expressed in centimeters in the text?,4.5 cm,1,"ently rotate its ears 180 degrees. One reason that kittens sleep so much is because a growth hormone is released only during sleep. Cats have about 130,000 hairs per square inch (2",
134,How much of waking hours do cats spend cleaning themselves?,Nearly one third,,"eating raw or rare beef. Pregnant women and people with a depressed immune system should not touch the cat litter box. Other than that, there is no reason that these people have to",
135,How many teeth do grown cats have?,30 teeth,2,"teach their kittens to use the litter box. The way you treat kittens in the early stages of its life will render it’s personality traits later in life. Contrary to popular belief, ",
136,How many temporary teeth do kittens have?,About 26,2,"teach their kittens to use the litter box. The way you treat kittens in the early stages of its life will render it’s personality traits later in life. Contrary to popular belief, ",
137,At about what age do kittens lose temporary teeth?,About 6 months,2,lor change in Siamese kittens depend on their body temperature. Siamese cats carry albino genes that work only when the body temperature is above 98° F. If these kittens are left i,
138,What cat had the known record for the most kittens?,Dusty,1,"ently rotate its ears 180 degrees. One reason that kittens sleep so much is because a growth hormone is released only during sleep. Cats have about 130,000 hairs per square inch (2",
139,About how many kittens did Dusty have in her lifetime?,More than 420,1,"ently rotate its ears 180 degrees. One reason that kittens sleep so much is because a growth hormone is released only during sleep. Cats have about 130,000 hairs per square inch (2",
140,What is the largest cat breed mentioned?,Ragdoll,1,"ently rotate its ears 180 degrees. One reason that kittens sleep so much is because a growth hormone is released only during sleep. Cats have about 130,000 hairs per square inch (2",
141,What is the weight range for male Ragdolls?,12 to 20 lbs,,"ently rotate its ears 180 degrees. One reason that kittens sleep so much is because a growth hormone is released only during sleep. Cats have about 130,000 hairs per square inch (2",
142,What is the weight range for female Ragdolls?,10 to 15 lbs,,"ently rotate its ears 180 degrees. One reason that kittens sleep so much is because a growth hormone is released only during sleep. Cats have about 130,000 hairs per square inch (2",
143,Cats are said to detect earthquake tremors how many minutes before humans?,10 to 15 minutes,,"ently rotate its ears 180 degrees. One reason that kittens sleep so much is because a growth hormone is released only during sleep. Cats have about 130,000 hairs per square inch (2",
144,Compared to dogs have cats undergone major changes in domestication?,Compared,1,"On average, cats spend 2/3 of every day sleeping. That means a nine-year-old cat has been awake for only three years of its life. Unlike dogs, cats do not have a sweet tooth. Scien",
145,What is a female cat called?,A queen or a molly,3,"for “cat.” The costliest cat ever is named Little Nicky, who cost his owner $50,000. He is a clone of an older cat. A cat usually has about 12 whiskers on each side of its face. A ",
146,What did two Russian biologists discover in the 1930s about Siamese kittens?,Color depends on body temperature,,lor change in Siamese kittens depend on their body temperature. Siamese cats carry albino genes that work only when the body temperature is above 98° F. If these kittens are left i,
147,Above what temperature do Siamese albino genes work according to the text?,98 degrees Fahrenheit,,lor change in Siamese kittens depend on their body temperature. Siamese cats carry albino genes that work only when the body temperature is above 98° F. If these kittens are left i,
148,What happens if Siamese kittens are left in a very warm room?,Points will not darken,,lor change in Siamese kittens depend on their body temperature. Siamese cats carry albino genes that work only when the body temperature is above 98° F. If these kittens are left i,
149,How many feral cats are there in the US alone according to the text?,Up to 60 million,1,lor change in Siamese kittens depend on their body temperature. Siamese cats carry albino genes that work only when the body temperature is above 98° F. If these kittens are left i,
150,What is the oldest cat to give birth mentioned?,Kitty,1,lor change in Siamese kittens depend on their body temperature. Siamese cats carry albino genes that work only when the body temperature is above 98° F. If these kittens are left i,
151,How old was Kitty when she gave birth?,30 years,,lor change in Siamese kittens depend on their body temperature. Siamese cats carry albino genes that work only when the body temperature is above 98° F. If these kittens are left i,
152,How many kittens did Kitty give birth to at age 30?,Two kittens,1,lor change in Siamese kittens depend on their body temperature. Siamese cats carry albino genes that work only when the body temperature is above 98° F. If these kittens are left i,
153,How many kittens did Kitty give birth to over her life?,218 kittens,1,lor change in Siamese kittens depend on their body temperature. Siamese cats carry albino genes that work only when the body temperature is above 98° F. If these kittens are left i,
154,What was the most traveled cat named?,Hamlet,1,lor change in Siamese kittens depend on their body temperature. Siamese cats carry albino genes that work only when the body temperature is above 98° F. If these kittens are left i,
155,How did Hamlet become the most traveled cat?,Escaped carrier on a flight and hid,,lor change in Siamese kittens depend on their body temperature. Siamese cats carry albino genes that work only when the body temperature is above 98° F. If these kittens are left i,
156,How long did Hamlet hide?,Seven weeks,1,lor change in Siamese kittens depend on their body temperature. Siamese cats carry albino genes that work only when the body temperature is above 98° F. If these kittens are left i,
157,How far had Hamlet traveled by the time he was discovered?,About 373000 miles,,lor change in Siamese kittens depend on their body temperature. Siamese cats carry albino genes that work only when the body temperature is above 98° F. If these kittens are left i,
158,What is the approximate distance in kilometers given for Hamlet?,600000 km,,“I am still considering which of the three strategies would be most beneficial to us. Selling for $50.00 and trying to maximize revenues—or selling for $30.00 and trying to maximiz,
159,What was the most expensive cat described?,Zeus,1,lor change in Siamese kittens depend on their body temperature. Siamese cats carry albino genes that work only when the body temperature is above 98° F. If these kittens are left i,
160,What kind of hybrid was Zeus?,Asian Leopard cat and Domestic Shorthair,,lor change in Siamese kittens depend on their body temperature. Siamese cats carry albino genes that work only when the body temperature is above 98° F. If these kittens are left i,
161,What was Zeuss hybrid percentage composition?,90 percent ALC and 10 percent DSH,,Cerebrosoft was founded by Charlotte and two friends after they had graduated from business school. The company is located in the heart of Silicon Valley. Charlotte and her friends,
162,What was Zeuss asking price in pounds?,100000 pounds,,lor change in Siamese kittens depend on their body temperature. Siamese cats carry albino genes that work only when the body temperature is above 98° F. If these kittens are left i,
163,What was the dollar figure listed with Zeuss price?,154000 dollars,,Cerebrosoft was founded by Charlotte and two friends after they had graduated from business school. The company is located in the heart of Silicon Valley. Charlotte and her friends,
164,Why are back paw claws not as sharp as front paw claws?,They do not retract and become worn,,lor change in Siamese kittens depend on their body temperature. Siamese cats carry albino genes that work only when the body temperature is above 98° F. If these kittens are left i,
165,What kind of coat do cats have that makes it true fur?,An undercoat and an outer coat,3,o the cat can land on its feet. Even cats without a tail have this ability. A cat rubs against people not only to be affectionate but also to mark out its territory with scent glan,
166,How long after birth do kittens ear canals begin to open?,Nine days,1,lor change in Siamese kittens depend on their body temperature. Siamese cats carry albino genes that work only when the body temperature is above 98° F. If these kittens are left i,
167,What color are kittens eyes when they first open?,Blue,1,lor change in Siamese kittens depend on their body temperature. Siamese cats carry albino genes that work only when the body temperature is above 98° F. If these kittens are left i,
168,Do most cats have eyelashes?,Do,1,lor change in Siamese kittens depend on their body temperature. Siamese cats carry albino genes that work only when the body temperature is above 98° F. If these kittens are left i,
169,What is the belief about cats seeing color that the text disputes?,That cats are color blind,1,lor change in Siamese kittens depend on their body temperature. Siamese cats carry albino genes that work only when the body temperature is above 98° F. If these kittens are left i,
170,What is said about cats ability to meow at other cats?,They almost never meow at another cat,,"for “cat.” The costliest cat ever is named Little Nicky, who cost his owner $50,000. He is a clone of an older cat. A cat usually has about 12 whiskers on each side of its face. A ",
171,Who do cats mostly meow at according to the text?,Humans,1,"for “cat.” The costliest cat ever is named Little Nicky, who cost his owner $50,000. He is a clone of an older cat. A cat usually has about 12 whiskers on each side of its face. A ",
172,What sounds do cats typically use with other cats instead of meowing?,Spit purr and hiss,1,"for “cat.” The costliest cat ever is named Little Nicky, who cost his owner $50,000. He is a clone of an older cat. A cat usually has about 12 whiskers on each side of its face. A ",
173,How many vertebrae can a cats back have according to the text?,Up to 53,1,"for “cat.” The costliest cat ever is named Little Nicky, who cost his owner $50,000. He is a clone of an older cat. A cat usually has about 12 whiskers on each side of its face. A ",
174,How many vertebrae do humans have according to the text?,34,1,"for “cat.” The costliest cat ever is named Little Nicky, who cost his owner $50,000. He is a clone of an older cat. A cat usually has about 12 whiskers on each side of its face. A ",
175,About what fraction of cat owners think pets can read minds?,About one third,,"for “cat.” The costliest cat ever is named Little Nicky, who cost his owner $50,000. He is a clone of an older cat. A cat usually has about 12 whiskers on each side of its face. A ",
176,Which cat family member does not sheath claws when at rest?,Cheetah,1,"for “cat.” The costliest cat ever is named Little Nicky, who cost his owner $50,000. He is a clone of an older cat. A cat usually has about 12 whiskers on each side of its face. A ",
177,Name one cat family member distinct from all others mentioned.,Clouded leopard,1,"for “cat.” The costliest cat ever is named Little Nicky, who cost his owner $50,000. He is a clone of an older cat. A cat usually has about 12 whiskers on each side of its face. A ",
178,Name the other distinct cat family member mentioned.,Cheetah,1,"for “cat.” The costliest cat ever is named Little Nicky, who cost his owner $50,000. He is a clone of an older cat. A cat usually has about 12 whiskers on each side of its face. A ",
179,What is unique about the cheetah compared to other cats in the text?,It is a running cat,1,"for “cat.” The costliest cat ever is named Little Nicky, who cost his owner $50,000. He is a clone of an older cat. A cat usually has about 12 whiskers on each side of its face. A ",
180,What is unique about other cats in the text compared to cheetah?,They are leaping cats,1,"for “cat.” The costliest cat ever is named Little Nicky, who cost his owner $50,000. He is a clone of an older cat. A cat usually has about 12 whiskers on each side of its face. A ",
181,Why are other cats described as leaping cats?,They stalk then leap on prey,,"for “cat.” The costliest cat ever is named Little Nicky, who cost his owner $50,000. He is a clone of an older cat. A cat usually has about 12 whiskers on each side of its face. A ",
182,What is a cat lover called?,Ailurophilia,1,"for “cat.” The costliest cat ever is named Little Nicky, who cost his owner $50,000. He is a clone of an older cat. A cat usually has about 12 whiskers on each side of its face. A ",
183,In Japan cats are thought to turn into what when they die?,Super spirits,1,"for “cat.” The costliest cat ever is named Little Nicky, who cost his owner $50,000. He is a clone of an older cat. A cat usually has about 12 whiskers on each side of its face. A ",
184,According to the text why might Japan have that belief?,Body is temporary resting place of spiritual people,,"for “cat.” The costliest cat ever is named Little Nicky, who cost his owner $50,000. He is a clone of an older cat. A cat usually has about 12 whiskers on each side of its face. A ",
185,How many muscles control the outer ear in cats?,32,1,"for “cat.” The costliest cat ever is named Little Nicky, who cost his owner $50,000. He is a clone of an older cat. A cat usually has about 12 whiskers on each side of its face. A ",
186,How many muscles control the outer ear in humans?,6,1,"for “cat.” The costliest cat ever is named Little Nicky, who cost his owner $50,000. He is a clone of an older cat. A cat usually has about 12 whiskers on each side of its face. A ",
187,How far can cats rotate their ears independently?,180 degrees,2,lor change in Siamese kittens depend on their body temperature. Siamese cats carry albino genes that work only when the body temperature is above 98° F. If these kittens are left i,
188,Why do kittens sleep so much according to the text?,Growth hormone released only during sleep,,"ently rotate its ears 180 degrees. One reason that kittens sleep so much is because a growth hormone is released only during sleep. Cats have about 130,000 hairs per square inch (2",
189,About how many hairs per square inch do cats have?,About 130000,,"ently rotate its ears 180 degrees. One reason that kittens sleep so much is because a growth hormone is released only during sleep. Cats have about 130,000 hairs per square inch (2",
190,What is the heaviest cat on record mentioned?,Himmy,1,"ently rotate its ears 180 degrees. One reason that kittens sleep so much is because a growth hormone is released only during sleep. Cats have about 130,000 hairs per square inch (2",
191,How much did Himmy weigh?,Nearly 47 pounds,1,"ently rotate its ears 180 degrees. One reason that kittens sleep so much is because a growth hormone is released only during sleep. Cats have about 130,000 hairs per square inch (2",
192,Where was Himmy from?,Queensland Australia,7,Cerebrosoft was founded by Charlotte and two friends after they had graduated from business school. The company is located in the heart of Silicon Valley. Charlotte and her friends,
193,How old was Himmy when he died?,10,1,"ently rotate its ears 180 degrees. One reason that kittens sleep so much is because a growth hormone is released only during sleep. Cats have about 130,000 hairs per square inch (2",
194,What was the oldest cat on record mentioned?,Creme Puff,,"ently rotate its ears 180 degrees. One reason that kittens sleep so much is because a growth hormone is released only during sleep. Cats have about 130,000 hairs per square inch (2",
195,When did Creme Puff live from?,1967 to August 6 2005,6,o the cat can land on its feet. Even cats without a tail have this ability. A cat rubs against people not only to be affectionate but also to mark out its territory with scent glan,
196,How long after her 38th birthday did Creme Puff die?,Three days after,1,"ently rotate its ears 180 degrees. One reason that kittens sleep so much is because a growth hormone is released only during sleep. Cats have about 130,000 hairs per square inch (2",
197,What is the lightest cat on record mentioned?,Tinker Toy,1,"ently rotate its ears 180 degrees. One reason that kittens sleep so much is because a growth hormone is released only during sleep. Cats have about 130,000 hairs per square inch (2",
198,How much did Tinker Toy weigh?,1 pound 6 ounces,1,"ently rotate its ears 180 degrees. One reason that kittens sleep so much is because a growth hormone is released only during sleep. Cats have about 130,000 hairs per square inch (2",
199,What is the tiniest cat on record mentioned?,Mr Pebbles,1,"ently rotate its ears 180 degrees. One reason that kittens sleep so much is because a growth hormone is released only during sleep. Cats have about 130,000 hairs per square inch (2",
200,What was the question situation in Who Wants to be a Millionaire after answering 250000?,Decide to walk away or answer 500000,,# BAMS 517: Assignment 1  (Instruction: Each team should submit one Word or PDF report and one Excel file on Canvas. The Word/PDF report should include your answers to the question,
